<?xml version="1.0" encoding="UTF-8"?>
<project-private xmlns="http://www.netbeans.org/ns/project-private/1">
    <editor-bookmarks xmlns="http://www.netbeans.org/ns/editor-bookmarks/2" lastBookmarkId="0"/>
    <open-files xmlns="http://www.netbeans.org/ns/projectui-open-files/2">
        <group>
            <file>file:/C:/Users/natha/Downloads/GP-20250213T030327Z-001/GP/src/gp/Modelo/Productos.java</file>
            <file>file:/C:/Users/natha/Downloads/GP-20250213T030327Z-001/GP/src/gp/Vista/Vista.java</file>
            <file>file:/C:/Users/natha/Downloads/GP-20250213T030327Z-001/GP/src/gp/Modelo/Producto.java</file>
        </group>
    </open-files>
</project-private>
